,explained_ratio,cumulative
PC1,0.698048325339607,0.698048325339607
PC2,0.19205065062530746,0.8900989759649145
PC3,0.07380514972886376,0.9639041256937783
PC4,0.0252131230311709,0.9891172487249491
PC5,0.00558713190182028,0.9947043806267694
PC6,0.0033987473918994588,0.9981031280186689
PC7,0.0011639488159612,0.99926707683463
PC8,0.0007329231653698231,0.9999999999999998
