,PC1,PC2,PC3
Al,0.3854899071113227,-0.25556596916488267,-0.27541362699924177
Fe,0.40613086740049154,-0.1589689020370361,-0.007673229352847755
Ca,0.21233801125493074,0.6861706352588599,-0.1050389172575116
Mg,0.3053516750563612,0.10105862394268383,0.8614776790208176
Mn,0.40299702429563283,-0.15725413885295586,-0.012664451175396517
Na,-0.27372685308111105,-0.5785914917790296,0.27396631582246445
K,0.37467349453849574,-0.261175022976213,-0.2805935324712505
P,0.4128134619630176,-0.025740362334756364,0.1302337476658529
